/*
 Navicat MySQL Data Transfer

 Source Server         : 本地
 Source Server Type    : MySQL
 Source Server Version : 80025
 Source Host           : localhost:3306
 Source Schema         : park

 Target Server Type    : MySQL
 Target Server Version : 80025
 File Encoding         : 65001

 Date: 14/08/2021 10:08:12
*/

SET NAMES utf8mb4;
SET FOREIGN_KEY_CHECKS = 0;

-- ----------------------------
-- Table structure for account
-- ----------------------------
DROP TABLE IF EXISTS `account`;
CREATE TABLE `account`
(
    `id`              bigint      NOT NULL AUTO_INCREMENT COMMENT '主键',
    `passport`        varchar(16) NOT NULL COMMENT '账号',
    `name`            varchar(6)  NOT NULL COMMENT '名称',
    `password`        varchar(64) NOT NULL COMMENT '密码',
    `status`          int         NOT NULL DEFAULT '0' COMMENT '用户状态',
    `role_id`         bigint      NOT NULL COMMENT '角色',
    `email`           varchar(32) NOT NULL COMMENT '邮箱',
    `phone`           varchar(16) NOT NULL COMMENT '手机号',
    `address`         varchar(64)          DEFAULT NULL COMMENT '地址',
    `sex`             int         NOT NULL DEFAULT '0' COMMENT '性别 0：女；1：男',
    `description`     varchar(128)         DEFAULT NULL COMMENT '备注',
    `last_login_time` bigint               DEFAULT NULL COMMENT '最近登录时间',
    `create_time`     bigint      NOT NULL DEFAULT '0' COMMENT '创建时间',
    `update_time`     bigint               DEFAULT NULL COMMENT '更新时间',
    PRIMARY KEY (`id`),
    UNIQUE KEY `passport_UNIQUE` (`passport`)
) ENGINE = InnoDB
  AUTO_INCREMENT = 20
  DEFAULT CHARSET = utf8mb3 COMMENT ='账号';

-- ----------------------------
-- Records of account
-- ----------------------------
BEGIN;
INSERT INTO `account`
VALUES (1, 'admin', '超级管理员', '$2a$10$N4c45EGt3xVkusuRFyC8Qu3kI49XFis9Wc0kfZ9VznW3SjqJoR3kG', 0, 1,
        '13511112222@163.com', '13511112222', '北京', 1, '超管', 1628901999026, 0, 1609247774502);
INSERT INTO `account`
VALUES (6, 'xiaozhao', '小赵', '$2a$10$h8HEBRTybzoq.z43a34PvON98ZFS2htCNat539HnxSqicgVQTEMDG', 0, 2,
        '13799992222@163.com', '13799992222', '上海', 1, '', 1628903758017, 1608643910984, NULL);
INSERT INTO `account`
VALUES (7, 'xiaoqian', '小钱', '$2a$10$h8HEBRTybzoq.z43a34PvON98ZFS2htCNat539HnxSqicgVQTEMDG', 0, 2,
        '13799992223@163.com', '13799992223', '上海', 1, '', NULL, 1608643910984, NULL);
INSERT INTO `account`
VALUES (8, 'xiaosun', '小孙', '$2a$10$h8HEBRTybzoq.z43a34PvON98ZFS2htCNat539HnxSqicgVQTEMDG', 0, 2, '13799992223@163.com',
        '13799992224', '杭州', 1, '', NULL, 1608643910984, NULL);
INSERT INTO `account`
VALUES (9, 'xiaoli', '小李', '$2a$10$h8HEBRTybzoq.z43a34PvON98ZFS2htCNat539HnxSqicgVQTEMDG', 0, 2, '13799992223@163.com',
        '13799992225', '南京', 0, '', NULL, 1608643910984, NULL);
INSERT INTO `account`
VALUES (10, 'xiaozhou', '小周', '$2a$10$h8HEBRTybzoq.z43a34PvON98ZFS2htCNat539HnxSqicgVQTEMDG', 0, 2,
        '13799992223@163.com', '13799992226', '上海', 1, '', 1608902268346, 1608643910984, NULL);
INSERT INTO `account`
VALUES (11, 'xiaowu', '小吴', '$2a$10$h8HEBRTybzoq.z43a34PvON98ZFS2htCNat539HnxSqicgVQTEMDG', 0, 2, '13799992223@163.com',
        '13799992227', '深圳', 0, '', 1608944398833, 1608643910984, NULL);
INSERT INTO `account`
VALUES (12, 'xiaozheng', '小郑', '$2a$10$h8HEBRTybzoq.z43a34PvON98ZFS2htCNat539HnxSqicgVQTEMDG', 0, 2,
        '13799992223@163.com', '13799992228', '广州', 1, '', NULL, 1608643910984, NULL);
INSERT INTO `account`
VALUES (13, 'xiaowang', '小王', '$2a$10$h8HEBRTybzoq.z43a34PvON98ZFS2htCNat539HnxSqicgVQTEMDG', 0, 2,
        '13799992223@163.com', '13799992229', '杭州', 0, '', 1608944381394, 1608643910984, NULL);
INSERT INTO `account`
VALUES (14, 'xiaofeng', '小冯', '$2a$10$h8HEBRTybzoq.z43a34PvON98ZFS2htCNat539HnxSqicgVQTEMDG', 0, 2,
        '13799992223@163.com', '13799992230', '苏州', 1, '', 1608944425114, 1608643910984, NULL);
INSERT INTO `account`
VALUES (15, 'xiaochen', '小陈', '$2a$10$h8HEBRTybzoq.z43a34PvON98ZFS2htCNat539HnxSqicgVQTEMDG', 0, 2,
        '13799992223@163.com', '13799992231', '哈尔滨', 0, '', NULL, 1608643910984, NULL);
INSERT INTO `account`
VALUES (16, 'xiaochu', '小褚', '$2a$10$h8HEBRTybzoq.z43a34PvON98ZFS2htCNat539HnxSqicgVQTEMDG', 0, 2,
        '13799992223@163.com', '13799992232', '黄山', 0, '', NULL, 1608643910984, NULL);
INSERT INTO `account`
VALUES (17, 'xiaowei', '小卫', '$2a$10$h8HEBRTybzoq.z43a34PvON98ZFS2htCNat539HnxSqicgVQTEMDG', 0, 2,
        '13799992223@163.com', '13799992233', '合肥', 1, '', NULL, 1608643910984, NULL);
INSERT INTO `account`
VALUES (18, 'xiaoshen', '小沈', '$2a$10$h8HEBRTybzoq.z43a34PvON98ZFS2htCNat539HnxSqicgVQTEMDG', 0, 2,
        '13799992223@163.com', '13799992234', '南京', 0, '', NULL, 1608643910984, NULL);
INSERT INTO `account`
VALUES (19, 'xiaojiang', '小蒋', '$2a$10$h8HEBRTybzoq.z43a34PvON98ZFS2htCNat539HnxSqicgVQTEMDG', 0, 2,
        '13799992223@163.com', '13799992235', '上海', 1, '', NULL, 1608643910984, NULL);
COMMIT;

-- ----------------------------
-- Table structure for car
-- ----------------------------
DROP TABLE IF EXISTS `car`;
CREATE TABLE `car`
(
    `id`            bigint      NOT NULL AUTO_INCREMENT COMMENT '主键',
    `license_plate` varchar(8)  NOT NULL COMMENT '车牌',
    `owner`         varchar(16) NOT NULL COMMENT '车主',
    `phone`         varchar(11) NOT NULL COMMENT '联系电话',
    `description`   varchar(128)         DEFAULT NULL COMMENT '备注',
    `arrears`       int                  DEFAULT NULL COMMENT '欠费',
    `create_time`   bigint      NOT NULL DEFAULT '0' COMMENT '创建时间',
    `update_time`   bigint               DEFAULT NULL COMMENT '更新时间',
    PRIMARY KEY (`id`),
    UNIQUE KEY `TABLE_UNIQUE` (`license_plate`)
) ENGINE = InnoDB
  AUTO_INCREMENT = 113
  DEFAULT CHARSET = utf8mb3 COMMENT ='车辆';

-- ----------------------------
-- Records of car
-- ----------------------------
BEGIN;
INSERT INTO `car`
VALUES (13, '黑A88801', '王八', '13788880001', NULL, 0, 1628864885014, NULL);
INSERT INTO `car`
VALUES (14, '浙B88802', '李二', '13788880002', NULL, 0, 1628864885165, NULL);
INSERT INTO `car`
VALUES (15, '苏A88803', '方八', '13788880003', NULL, 0, 1628864885167, NULL);
INSERT INTO `car`
VALUES (16, '浙C88804', '黄八', '13788880004', NULL, 0, 1628864885169, NULL);
INSERT INTO `car`
VALUES (17, '皖C88805', '周九', '13788880005', NULL, 0, 1628864885172, NULL);
INSERT INTO `car`
VALUES (18, '黑A88806', '高三', '13788880006', NULL, 0, 1628864885177, NULL);
INSERT INTO `car`
VALUES (19, '苏B88807', '黄七', '13788880007', NULL, 0, 1628864885181, NULL);
INSERT INTO `car`
VALUES (20, '浙A88808', '黄二', '13788880008', NULL, 0, 1628864885184, NULL);
INSERT INTO `car`
VALUES (21, '浙A88809', '钱八', '13788880009', NULL, 0, 1628864885186, NULL);
INSERT INTO `car`
VALUES (22, '苏B88810', '吴四', '13788880010', NULL, 0, 1628864885188, NULL);
INSERT INTO `car`
VALUES (23, '浙B88811', '孙六', '13788880011', NULL, 0, 1628864885189, NULL);
INSERT INTO `car`
VALUES (24, '黑A88812', '李六', '13788880012', NULL, 0, 1628864885191, NULL);
INSERT INTO `car`
VALUES (25, '皖C88813', '王八', '13788880013', NULL, 0, 1628864885192, NULL);
INSERT INTO `car`
VALUES (26, '浙C88814', '赵三', '13788880014', NULL, 0, 1628864885194, NULL);
INSERT INTO `car`
VALUES (27, '湘B88815', '郑七', '13788880015', NULL, 0, 1628864885196, NULL);
INSERT INTO `car`
VALUES (28, '皖C88816', '吴八', '13788880016', NULL, 0, 1628864885198, NULL);
INSERT INTO `car`
VALUES (29, '湘B88817', '郑四', '13788880017', NULL, 0, 1628864885202, NULL);
INSERT INTO `car`
VALUES (30, '黑A88818', '郑二', '13788880018', NULL, 0, 1628864885204, NULL);
INSERT INTO `car`
VALUES (31, '浙B88819', '李六', '13788880019', NULL, 0, 1628864885206, NULL);
INSERT INTO `car`
VALUES (32, '黑A88820', '高四', '13788880020', NULL, 0, 1628864885208, NULL);
INSERT INTO `car`
VALUES (33, '浙B88821', '钱七', '13788880021', NULL, 0, 1628864885210, NULL);
INSERT INTO `car`
VALUES (34, '浙A88822', '高一', '13788880022', NULL, 0, 1628864885212, NULL);
INSERT INTO `car`
VALUES (35, '浙A88823', '孙五', '13788880023', NULL, 0, 1628864885213, NULL);
INSERT INTO `car`
VALUES (36, '赣A88824', '高二', '13788880024', NULL, 0, 1628864885215, NULL);
INSERT INTO `car`
VALUES (37, '皖C88825', '姚九', '13788880025', NULL, 0, 1628864885217, NULL);
INSERT INTO `car`
VALUES (38, '浙B88826', '姚八', '13788880026', NULL, 0, 1628864885218, NULL);
INSERT INTO `car`
VALUES (39, '浙B88827', '王五', '13788880027', NULL, 0, 1628864885221, NULL);
INSERT INTO `car`
VALUES (40, '赣A88828', '胡九', '13788880028', NULL, 0, 1628864885223, NULL);
INSERT INTO `car`
VALUES (41, '黑A88829', '姚一', '13788880029', NULL, 0, 1628864885225, NULL);
INSERT INTO `car`
VALUES (42, '浙A88830', '胡三', '13788880030', NULL, 0, 1628864885227, NULL);
INSERT INTO `car`
VALUES (43, '浙B88831', '方一', '13788880031', NULL, 0, 1628864885229, NULL);
INSERT INTO `car`
VALUES (44, '皖C88832', '郑三', '13788880032', NULL, 0, 1628864885232, NULL);
INSERT INTO `car`
VALUES (45, '浙A88833', '钱二', '13788880033', NULL, 0, 1628864885235, NULL);
INSERT INTO `car`
VALUES (46, '苏B88834', '王一', '13788880034', NULL, 0, 1628864885237, NULL);
INSERT INTO `car`
VALUES (47, '赣A88835', '赵二', '13788880035', NULL, 0, 1628864885239, NULL);
INSERT INTO `car`
VALUES (48, '皖C88836', '姚一', '13788880036', NULL, 0, 1628864885240, NULL);
INSERT INTO `car`
VALUES (49, '苏B88837', '王四', '13788880037', NULL, 0, 1628864885242, NULL);
INSERT INTO `car`
VALUES (50, '浙C88838', '郑二', '13788880038', NULL, 0, 1628864885243, NULL);
INSERT INTO `car`
VALUES (51, '浙C88839', '李四', '13788880039', NULL, 0, 1628864885245, NULL);
INSERT INTO `car`
VALUES (52, '浙A88840', '胡一', '13788880040', NULL, 0, 1628864885249, NULL);
INSERT INTO `car`
VALUES (53, '苏A88841', '高九', '13788880041', NULL, 0, 1628864885251, NULL);
INSERT INTO `car`
VALUES (54, '黑A88842', '周四', '13788880042', NULL, 0, 1628864885253, NULL);
INSERT INTO `car`
VALUES (55, '苏A88843', '吴五', '13788880043', NULL, 0, 1628864885254, NULL);
INSERT INTO `car`
VALUES (56, '浙A88844', '郑六', '13788880044', NULL, 0, 1628864885256, NULL);
INSERT INTO `car`
VALUES (57, '赣A88845', '高八', '13788880045', NULL, 0, 1628864885257, NULL);
INSERT INTO `car`
VALUES (58, '黑A88846', '李一', '13788880046', NULL, 0, 1628864885259, NULL);
INSERT INTO `car`
VALUES (59, '苏A88847', '赵五', '13788880047', NULL, 0, 1628864885261, NULL);
INSERT INTO `car`
VALUES (60, '湘B88848', '李九', '13788880048', NULL, 0, 1628864885263, NULL);
INSERT INTO `car`
VALUES (61, '苏A88849', '方五', '13788880049', NULL, 0, 1628864885264, NULL);
INSERT INTO `car`
VALUES (62, '浙A88850', '孙一', '13788880050', NULL, 0, 1628864885266, NULL);
INSERT INTO `car`
VALUES (63, '苏A88851', '黄五', '13788880051', NULL, 0, 1628864885267, NULL);
INSERT INTO `car`
VALUES (64, '浙C88852', '方四', '13788880052', NULL, 0, 1628864885269, NULL);
INSERT INTO `car`
VALUES (65, '赣A88853', '李二', '13788880053', NULL, 0, 1628864885271, NULL);
INSERT INTO `car`
VALUES (66, '苏A88854', '王三', '13788880054', NULL, 0, 1628864885272, NULL);
INSERT INTO `car`
VALUES (67, '苏A88855', '高三', '13788880055', NULL, 0, 1628864885274, NULL);
INSERT INTO `car`
VALUES (68, '皖C88856', '吴九', '13788880056', NULL, 0, 1628864885275, NULL);
INSERT INTO `car`
VALUES (69, '浙B88857', '郑五', '13788880057', NULL, 0, 1628864885277, NULL);
INSERT INTO `car`
VALUES (70, '湘B88858', '赵六', '13788880058', NULL, 0, 1628864885278, NULL);
INSERT INTO `car`
VALUES (71, '皖C88859', '李一', '13788880059', NULL, 0, 1628864885280, NULL);
INSERT INTO `car`
VALUES (72, '湘B88860', '高二', '13788880060', NULL, 0, 1628864885284, NULL);
INSERT INTO `car`
VALUES (73, '苏B88861', '郑六', '13788880061', NULL, 0, 1628864885285, NULL);
INSERT INTO `car`
VALUES (74, '黑A88862', '吴九', '13788880062', NULL, 0, 1628864885286, NULL);
INSERT INTO `car`
VALUES (75, '苏A88863', '王八', '13788880063', NULL, 0, 1628864885287, NULL);
INSERT INTO `car`
VALUES (76, '浙C88864', '胡四', '13788880064', NULL, 0, 1628864885289, NULL);
INSERT INTO `car`
VALUES (77, '浙B88865', '赵六', '13788880065', NULL, 0, 1628864885290, NULL);
INSERT INTO `car`
VALUES (78, '苏B88866', '吴七', '13788880066', NULL, 0, 1628864885291, NULL);
INSERT INTO `car`
VALUES (79, '赣A88867', '郑二', '13788880067', NULL, 0, 1628864885292, NULL);
INSERT INTO `car`
VALUES (80, '浙B88868', '周五', '13788880068', NULL, 0, 1628864885294, NULL);
INSERT INTO `car`
VALUES (81, '苏B88869', '周八', '13788880069', NULL, 0, 1628864885296, NULL);
INSERT INTO `car`
VALUES (82, '湘B88870', '方七', '13788880070', NULL, 0, 1628864885297, NULL);
INSERT INTO `car`
VALUES (83, '浙C88871', '郑四', '13788880071', NULL, 0, 1628864885298, NULL);
INSERT INTO `car`
VALUES (84, '苏B88872', '王六', '13788880072', NULL, 0, 1628864885300, NULL);
INSERT INTO `car`
VALUES (85, '黑A88873', '吴九', '13788880073', NULL, 0, 1628864885301, NULL);
INSERT INTO `car`
VALUES (86, '苏A88874', '李一', '13788880074', NULL, 0, 1628864885303, NULL);
INSERT INTO `car`
VALUES (87, '湘B88875', '周七', '13788880075', NULL, 0, 1628864885305, NULL);
INSERT INTO `car`
VALUES (88, '浙C88876', '高四', '13788880076', NULL, 0, 1628864885307, NULL);
INSERT INTO `car`
VALUES (89, '浙A88877', '胡六', '13788880077', NULL, 0, 1628864885309, NULL);
INSERT INTO `car`
VALUES (90, '浙B88878', '郑一', '13788880078', NULL, 0, 1628864885311, NULL);
INSERT INTO `car`
VALUES (91, '浙A88879', '王八', '13788880079', NULL, 0, 1628864885313, NULL);
INSERT INTO `car`
VALUES (92, '湘B88880', '黄六', '13788880080', NULL, 0, 1628864885314, NULL);
INSERT INTO `car`
VALUES (93, '浙C88881', '黄一', '13788880081', NULL, 0, 1628864885316, NULL);
INSERT INTO `car`
VALUES (94, '浙B88882', '黄五', '13788880082', NULL, 0, 1628864885317, NULL);
INSERT INTO `car`
VALUES (95, '浙A88883', '高六', '13788880083', NULL, 0, 1628864885319, NULL);
INSERT INTO `car`
VALUES (96, '赣A88884', '姚九', '13788880084', NULL, 0, 1628864885321, NULL);
INSERT INTO `car`
VALUES (97, '赣A88885', '李八', '13788880085', NULL, 0, 1628864885322, NULL);
INSERT INTO `car`
VALUES (98, '浙A88886', '胡六', '13788880086', NULL, 0, 1628864885324, NULL);
INSERT INTO `car`
VALUES (99, '浙C88887', '周一', '13788880087', NULL, 0, 1628864885325, NULL);
INSERT INTO `car`
VALUES (100, '苏B88888', '周六', '13788880088', NULL, 0, 1628864885326, NULL);
INSERT INTO `car`
VALUES (101, '赣A88889', '高五', '13788880089', NULL, 0, 1628864885327, NULL);
INSERT INTO `car`
VALUES (102, '湘B88890', '黄三', '13788880090', NULL, 0, 1628864885328, NULL);
INSERT INTO `car`
VALUES (103, '浙B88891', '吴九', '13788880091', NULL, 0, 1628864885329, NULL);
INSERT INTO `car`
VALUES (104, '苏B88892', '钱九', '13788880092', NULL, 0, 1628864885330, NULL);
INSERT INTO `car`
VALUES (105, '苏A88893', '姚六', '13788880093', NULL, 0, 1628864885331, NULL);
INSERT INTO `car`
VALUES (106, '湘B88894', '黄六', '13788880094', NULL, 0, 1628864885332, NULL);
INSERT INTO `car`
VALUES (107, '苏B88895', '黄九', '13788880095', NULL, 0, 1628864885335, NULL);
INSERT INTO `car`
VALUES (108, '皖C88896', '赵九', '13788880096', NULL, 0, 1628864885336, NULL);
INSERT INTO `car`
VALUES (109, '湘B88897', '钱五', '13788880097', NULL, 0, 1628864885337, NULL);
INSERT INTO `car`
VALUES (110, '黑A88898', '黄四', '13788880098', NULL, 0, 1628864885339, NULL);
INSERT INTO `car`
VALUES (111, '皖C88899', '胡七', '13788880099', NULL, 0, 1628864885340, NULL);
INSERT INTO `car`
VALUES (112, '苏A88900', '王二', '13788880100', NULL, 0, 1628864885341, NULL);
COMMIT;

-- ----------------------------
-- Table structure for car_black
-- ----------------------------
DROP TABLE IF EXISTS `car_black`;
CREATE TABLE `car_black`
(
    `id`          bigint NOT NULL AUTO_INCREMENT COMMENT '主键',
    `car_id`      bigint NOT NULL COMMENT '车辆',
    `description` varchar(128)    DEFAULT NULL COMMENT '备注',
    `create_time` bigint NOT NULL DEFAULT '0' COMMENT '创建时间',
    `update_time` bigint          DEFAULT NULL COMMENT '更新时间',
    PRIMARY KEY (`id`)
) ENGINE = InnoDB
  AUTO_INCREMENT = 5
  DEFAULT CHARSET = utf8mb3 COMMENT ='黑名单';

-- ----------------------------
-- Records of car_black
-- ----------------------------
BEGIN;
INSERT INTO `car_black`
VALUES (3, 13, '未交费，限制停车', 1628903560929, NULL);
INSERT INTO `car_black`
VALUES (4, 15, '违规停车，拉黑', 1628903583568, NULL);
COMMIT;

-- ----------------------------
-- Table structure for park_record
-- ----------------------------
DROP TABLE IF EXISTS `park_record`;
CREATE TABLE `park_record`
(
    `id`               bigint NOT NULL AUTO_INCREMENT COMMENT '主键',
    `car_id`           bigint NOT NULL COMMENT '车辆',
    `parking_space_id` bigint NOT NULL COMMENT '车位',
    `status`           int    NOT NULL DEFAULT '1' COMMENT '状态;1:已入库 2:已出库',
    `pay_status`       int    NOT NULL DEFAULT '1' COMMENT '状态;1:未支付 2:已支付',
    `start_park_time`  bigint NOT NULL COMMENT '停车开始时间',
    `end_park_time`    bigint          DEFAULT '0' COMMENT '停车截止时间',
    `fee`              int    NOT NULL COMMENT '停车费',
    `description`      varchar(128)    DEFAULT NULL COMMENT '备注',
    `create_time`      bigint NOT NULL DEFAULT '0' COMMENT '创建时间',
    `update_time`      bigint          DEFAULT NULL COMMENT '更新时间',
    PRIMARY KEY (`id`)
) ENGINE = InnoDB
  AUTO_INCREMENT = 604
  DEFAULT CHARSET = utf8mb3 COMMENT ='停车';

-- ----------------------------
-- Records of park_record
-- ----------------------------
BEGIN;
INSERT INTO `park_record`
VALUES (504, 13, 75, 2, 2, 1628107200000, 1628125200000, 30, '黑A88801停车记录', 1628107200000, NULL);
INSERT INTO `park_record`
VALUES (505, 14, 201, 1, 1, 1628200800000, 0, 0, '浙B88802停车记录', 1628200800000, NULL);
INSERT INTO `park_record`
VALUES (506, 15, 95, 2, 2, 1628550000000, 1628582400000, 54, '苏A88803停车记录', 1628550000000, NULL);
INSERT INTO `park_record`
VALUES (507, 16, 30, 2, 2, 1628316000000, 1628319600000, 6, '浙C88804停车记录', 1628316000000, NULL);
INSERT INTO `park_record`
VALUES (508, 17, 139, 2, 2, 1628452800000, 1628452800000, 0, '皖C88805停车记录', 1628452800000, NULL);
INSERT INTO `park_record`
VALUES (509, 18, 236, 1, 1, 1628704800000, 0, 0, '黑A88806停车记录', 1628704800000, NULL);
INSERT INTO `park_record`
VALUES (510, 19, 70, 2, 2, 1628690400000, 1628712000000, 36, '苏B88807停车记录', 1628690400000, NULL);
INSERT INTO `park_record`
VALUES (511, 20, 69, 2, 2, 1627830000000, 1627840800000, 18, '浙A88808停车记录', 1627830000000, NULL);
INSERT INTO `park_record`
VALUES (512, 21, 265, 2, 2, 1628067600000, 1628085600000, 30, '浙A88809停车记录', 1628067600000, NULL);
INSERT INTO `park_record`
VALUES (513, 22, 100, 1, 1, 1627999200000, 0, 0, '苏B88810停车记录', 1627999200000, NULL);
INSERT INTO `park_record`
VALUES (514, 23, 173, 2, 2, 1628438400000, 1628467200000, 48, '浙B88811停车记录', 1628438400000, NULL);
INSERT INTO `park_record`
VALUES (515, 24, 64, 2, 2, 1628053200000, 1628071200000, 30, '黑A88812停车记录', 1628053200000, NULL);
INSERT INTO `park_record`
VALUES (516, 25, 111, 2, 2, 1628438400000, 1628467200000, 48, '皖C88813停车记录', 1628438400000, NULL);
INSERT INTO `park_record`
VALUES (517, 26, 140, 1, 1, 1627927200000, 0, 0, '浙C88814停车记录', 1627927200000, NULL);
INSERT INTO `park_record`
VALUES (518, 27, 286, 1, 1, 1627668000000, 0, 0, '湘B88815停车记录', 1627668000000, NULL);
INSERT INTO `park_record`
VALUES (519, 28, 99, 1, 1, 1628643600000, 0, 0, '皖C88816停车记录', 1628643600000, NULL);
INSERT INTO `park_record`
VALUES (520, 29, 107, 1, 1, 1628247600000, 0, 0, '湘B88817停车记录', 1628247600000, NULL);
INSERT INTO `park_record`
VALUES (521, 30, 32, 1, 1, 1628143200000, 0, 0, '黑A88818停车记录', 1628143200000, NULL);
INSERT INTO `park_record`
VALUES (522, 31, 52, 1, 1, 1627606800000, 0, 0, '浙B88819停车记录', 1627606800000, NULL);
INSERT INTO `park_record`
VALUES (523, 32, 166, 2, 2, 1627869600000, 1627902000000, 54, '黑A88820停车记录', 1627869600000, NULL);
INSERT INTO `park_record`
VALUES (524, 33, 23, 2, 2, 1627614000000, 1627614000000, 0, '浙B88821停车记录', 1627614000000, NULL);
INSERT INTO `park_record`
VALUES (525, 34, 293, 2, 2, 1627693200000, 1627693200000, 0, '浙A88822停车记录', 1627693200000, NULL);
INSERT INTO `park_record`
VALUES (526, 35, 4, 1, 1, 1627876800000, 0, 0, '浙A88823停车记录', 1627876800000, NULL);
INSERT INTO `park_record`
VALUES (527, 36, 83, 1, 1, 1627707600000, 0, 0, '赣A88824停车记录', 1627707600000, NULL);
INSERT INTO `park_record`
VALUES (528, 37, 215, 1, 1, 1628164800000, 0, 0, '皖C88825停车记录', 1628164800000, NULL);
INSERT INTO `park_record`
VALUES (529, 38, 177, 2, 2, 1628636400000, 1628658000000, 36, '浙B88826停车记录', 1628636400000, NULL);
INSERT INTO `park_record`
VALUES (530, 39, 123, 2, 2, 1627934400000, 1627956000000, 36, '浙B88827停车记录', 1627934400000, NULL);
INSERT INTO `park_record`
VALUES (531, 40, 194, 1, 1, 1628265600000, 0, 0, '赣A88828停车记录', 1628265600000, NULL);
INSERT INTO `park_record`
VALUES (532, 41, 160, 1, 1, 1628211600000, 0, 0, '黑A88829停车记录', 1628211600000, NULL);
INSERT INTO `park_record`
VALUES (533, 42, 120, 1, 1, 1628287200000, 0, 0, '浙A88830停车记录', 1628287200000, NULL);
INSERT INTO `park_record`
VALUES (534, 43, 175, 2, 2, 1628780400000, 1628802000000, 36, '浙B88831停车记录', 1628780400000, NULL);
INSERT INTO `park_record`
VALUES (535, 44, 104, 2, 2, 1628020800000, 1628042400000, 36, '皖C88832停车记录', 1628020800000, NULL);
INSERT INTO `park_record`
VALUES (536, 45, 50, 2, 2, 1627776000000, 1627797600000, 36, '浙A88833停车记录', 1627776000000, NULL);
INSERT INTO `park_record`
VALUES (537, 46, 233, 1, 1, 1627876800000, 0, 0, '苏B88834停车记录', 1627876800000, NULL);
INSERT INTO `park_record`
VALUES (538, 47, 189, 1, 1, 1627779600000, 0, 0, '赣A88835停车记录', 1627779600000, NULL);
INSERT INTO `park_record`
VALUES (539, 48, 245, 1, 1, 1627768800000, 0, 0, '皖C88836停车记录', 1627768800000, NULL);
INSERT INTO `park_record`
VALUES (540, 49, 57, 2, 2, 1628708400000, 1628715600000, 12, '苏B88837停车记录', 1628708400000, NULL);
INSERT INTO `park_record`
VALUES (541, 50, 56, 1, 1, 1627858800000, 0, 0, '浙C88838停车记录', 1627858800000, NULL);
INSERT INTO `park_record`
VALUES (542, 51, 96, 2, 2, 1628010000000, 1628038800000, 48, '浙C88839停车记录', 1628010000000, NULL);
INSERT INTO `park_record`
VALUES (543, 52, 226, 2, 2, 1628071200000, 1628074800000, 6, '浙A88840停车记录', 1628071200000, NULL);
INSERT INTO `park_record`
VALUES (544, 53, 272, 2, 2, 1628323200000, 1628355600000, 54, '苏A88841停车记录', 1628323200000, NULL);
INSERT INTO `park_record`
VALUES (545, 54, 164, 2, 2, 1628492400000, 1628521200000, 48, '黑A88842停车记录', 1628492400000, NULL);
INSERT INTO `park_record`
VALUES (546, 55, 19, 2, 2, 1628254800000, 1628262000000, 12, '苏A88843停车记录', 1628254800000, NULL);
INSERT INTO `park_record`
VALUES (547, 56, 89, 2, 2, 1628755200000, 1628776800000, 36, '浙A88844停车记录', 1628755200000, NULL);
INSERT INTO `park_record`
VALUES (548, 57, 49, 2, 2, 1627959600000, 1627984800000, 42, '赣A88845停车记录', 1627959600000, NULL);
INSERT INTO `park_record`
VALUES (549, 58, 79, 1, 1, 1628481600000, 0, 0, '黑A88846停车记录', 1628481600000, NULL);
INSERT INTO `park_record`
VALUES (550, 59, 181, 1, 1, 1628121600000, 0, 0, '苏A88847停车记录', 1628121600000, NULL);
INSERT INTO `park_record`
VALUES (551, 60, 216, 2, 2, 1628845200000, 1628852400000, 12, '湘B88848停车记录', 1628845200000, NULL);
INSERT INTO `park_record`
VALUES (552, 61, 116, 2, 2, 1628485200000, 1628514000000, 48, '苏A88849停车记录', 1628485200000, NULL);
INSERT INTO `park_record`
VALUES (553, 62, 170, 2, 2, 1628841600000, 1628859600000, 30, '浙A88850停车记录', 1628841600000, NULL);
INSERT INTO `park_record`
VALUES (554, 63, 102, 1, 1, 1627930800000, 0, 0, '苏A88851停车记录', 1627930800000, NULL);
INSERT INTO `park_record`
VALUES (555, 64, 243, 2, 2, 1628485200000, 1628488800000, 6, '浙C88852停车记录', 1628485200000, NULL);
INSERT INTO `park_record`
VALUES (556, 65, 277, 2, 2, 1628492400000, 1628503200000, 18, '赣A88853停车记录', 1628492400000, NULL);
INSERT INTO `park_record`
VALUES (557, 66, 209, 2, 2, 1628614800000, 1628622000000, 12, '苏A88854停车记录', 1628614800000, NULL);
INSERT INTO `park_record`
VALUES (558, 67, 60, 1, 1, 1628744400000, 0, 0, '苏A88855停车记录', 1628744400000, NULL);
INSERT INTO `park_record`
VALUES (559, 68, 14, 2, 2, 1628420400000, 1628449200000, 48, '皖C88856停车记录', 1628420400000, NULL);
INSERT INTO `park_record`
VALUES (560, 69, 127, 1, 1, 1627678800000, 0, 0, '浙B88857停车记录', 1627678800000, NULL);
INSERT INTO `park_record`
VALUES (561, 70, 296, 1, 1, 1628838000000, 0, 0, '湘B88858停车记录', 1628838000000, NULL);
INSERT INTO `park_record`
VALUES (562, 71, 143, 1, 1, 1627606800000, 0, 0, '皖C88859停车记录', 1627606800000, NULL);
INSERT INTO `park_record`
VALUES (563, 72, 27, 2, 2, 1627974000000, 1627992000000, 30, '湘B88860停车记录', 1627974000000, NULL);
INSERT INTO `park_record`
VALUES (564, 73, 6, 1, 1, 1628794800000, 0, 0, '苏B88861停车记录', 1628794800000, NULL);
INSERT INTO `park_record`
VALUES (565, 74, 187, 2, 2, 1627837200000, 1627855200000, 30, '黑A88862停车记录', 1627837200000, NULL);
INSERT INTO `park_record`
VALUES (566, 75, 212, 2, 2, 1628071200000, 1628078400000, 12, '苏A88863停车记录', 1628071200000, NULL);
INSERT INTO `park_record`
VALUES (567, 76, 134, 2, 2, 1628758800000, 1628773200000, 24, '浙C88864停车记录', 1628758800000, NULL);
INSERT INTO `park_record`
VALUES (568, 77, 85, 2, 2, 1627999200000, 1627999200000, 0, '浙B88865停车记录', 1627999200000, NULL);
INSERT INTO `park_record`
VALUES (569, 78, 137, 2, 2, 1628449200000, 1628481600000, 54, '苏B88866停车记录', 1628449200000, NULL);
INSERT INTO `park_record`
VALUES (570, 79, 271, 2, 2, 1627909200000, 1627927200000, 30, '赣A88867停车记录', 1627909200000, NULL);
INSERT INTO `park_record`
VALUES (571, 80, 82, 1, 1, 1627671600000, 0, 0, '浙B88868停车记录', 1627671600000, NULL);
INSERT INTO `park_record`
VALUES (572, 81, 161, 1, 1, 1627884000000, 0, 0, '苏B88869停车记录', 1627884000000, NULL);
INSERT INTO `park_record`
VALUES (573, 82, 221, 1, 1, 1628661600000, 0, 0, '湘B88870停车记录', 1628661600000, NULL);
INSERT INTO `park_record`
VALUES (574, 83, 86, 1, 1, 1628848800000, 0, 0, '浙C88871停车记录', 1628848800000, NULL);
INSERT INTO `park_record`
VALUES (575, 84, 163, 1, 1, 1628391600000, 0, 0, '苏B88872停车记录', 1628391600000, NULL);
INSERT INTO `park_record`
VALUES (576, 85, 39, 2, 2, 1627801200000, 1627830000000, 48, '黑A88873停车记录', 1627801200000, NULL);
INSERT INTO `park_record`
VALUES (577, 86, 188, 1, 1, 1628524800000, 0, 0, '苏A88874停车记录', 1628524800000, NULL);
INSERT INTO `park_record`
VALUES (578, 87, 268, 1, 1, 1628395200000, 0, 0, '湘B88875停车记录', 1628395200000, NULL);
INSERT INTO `park_record`
VALUES (579, 88, 147, 2, 2, 1627714800000, 1627718400000, 6, '浙C88876停车记录', 1627714800000, NULL);
INSERT INTO `park_record`
VALUES (580, 89, 260, 2, 2, 1627945200000, 1627952400000, 12, '浙A88877停车记录', 1627945200000, NULL);
INSERT INTO `park_record`
VALUES (581, 90, 156, 1, 1, 1628136000000, 0, 0, '浙B88878停车记录', 1628136000000, NULL);
INSERT INTO `park_record`
VALUES (582, 91, 282, 1, 1, 1627718400000, 0, 0, '浙A88879停车记录', 1627718400000, NULL);
INSERT INTO `park_record`
VALUES (583, 92, 295, 2, 2, 1628074800000, 1628096400000, 36, '湘B88880停车记录', 1628074800000, NULL);
INSERT INTO `park_record`
VALUES (584, 93, 135, 2, 2, 1628222400000, 1628251200000, 48, '浙C88881停车记录', 1628222400000, NULL);
INSERT INTO `park_record`
VALUES (585, 94, 191, 1, 1, 1628276400000, 0, 0, '浙B88882停车记录', 1628276400000, NULL);
INSERT INTO `park_record`
VALUES (586, 95, 144, 2, 2, 1628780400000, 1628812800000, 54, '浙A88883停车记录', 1628780400000, NULL);
INSERT INTO `park_record`
VALUES (587, 96, 74, 1, 1, 1627729200000, 0, 0, '赣A88884停车记录', 1627729200000, NULL);
INSERT INTO `park_record`
VALUES (588, 97, 149, 2, 2, 1628146800000, 1628150400000, 6, '赣A88885停车记录', 1628146800000, NULL);
INSERT INTO `park_record`
VALUES (589, 98, 26, 1, 1, 1628841600000, 0, 0, '浙A88886停车记录', 1628841600000, NULL);
INSERT INTO `park_record`
VALUES (590, 99, 224, 2, 2, 1628683200000, 1628708400000, 42, '浙C88887停车记录', 1628683200000, NULL);
INSERT INTO `park_record`
VALUES (591, 100, 267, 2, 2, 1628402400000, 1628406000000, 6, '苏B88888停车记录', 1628402400000, NULL);
INSERT INTO `park_record`
VALUES (592, 101, 262, 1, 1, 1628042400000, 0, 0, '赣A88889停车记录', 1628042400000, NULL);
INSERT INTO `park_record`
VALUES (593, 102, 248, 2, 2, 1628398800000, 1628427600000, 48, '湘B88890停车记录', 1628398800000, NULL);
INSERT INTO `park_record`
VALUES (594, 103, 101, 2, 2, 1628312400000, 1628326800000, 24, '浙B88891停车记录', 1628312400000, NULL);
INSERT INTO `park_record`
VALUES (595, 104, 204, 2, 2, 1627830000000, 1627858800000, 48, '苏B88892停车记录', 1627830000000, NULL);
INSERT INTO `park_record`
VALUES (596, 105, 33, 2, 2, 1628100000000, 1628103600000, 6, '苏A88893停车记录', 1628100000000, NULL);
INSERT INTO `park_record`
VALUES (597, 106, 198, 2, 2, 1628802000000, 1628802000000, 0, '湘B88894停车记录', 1628802000000, NULL);
INSERT INTO `park_record`
VALUES (598, 107, 20, 2, 2, 1628640000000, 1628643600000, 6, '苏B88895停车记录', 1628640000000, NULL);
INSERT INTO `park_record`
VALUES (599, 108, 126, 1, 1, 1628233200000, 0, 0, '皖C88896停车记录', 1628233200000, NULL);
INSERT INTO `park_record`
VALUES (600, 109, 158, 2, 2, 1628694000000, 1628697600000, 6, '湘B88897停车记录', 1628694000000, NULL);
INSERT INTO `park_record`
VALUES (601, 110, 197, 2, 2, 1628208000000, 1628226000000, 30, '黑A88898停车记录', 1628208000000, NULL);
INSERT INTO `park_record`
VALUES (602, 111, 92, 2, 2, 1627750800000, 1627768800000, 30, '皖C88899停车记录', 1627750800000, NULL);
INSERT INTO `park_record`
VALUES (603, 112, 155, 1, 1, 1628676000000, 0, 0, '苏A88900停车记录', 1628676000000, NULL);
COMMIT;

-- ----------------------------
-- Table structure for parking_space
-- ----------------------------
DROP TABLE IF EXISTS `parking_space`;
CREATE TABLE `parking_space`
(
    `id`          bigint      NOT NULL AUTO_INCREMENT COMMENT '主键',
    `code`        varchar(32) NOT NULL COMMENT '编号',
    `floor`       varchar(16) NOT NULL COMMENT '楼层',
    `location`    varchar(64) NOT NULL COMMENT '位置',
    `status`      int         NOT NULL DEFAULT '1' COMMENT '状态;1:空闲 2:已预约 3:已停车',
    `price`       int         NOT NULL COMMENT '单价（元）/小时',
    `description` varchar(128)         DEFAULT NULL COMMENT '备注',
    `create_time` bigint      NOT NULL DEFAULT '0' COMMENT '创建时间',
    `update_time` bigint               DEFAULT NULL COMMENT '更新时间',
    PRIMARY KEY (`id`),
    UNIQUE KEY `TABLE_UNIQUE` (`code`)
) ENGINE = InnoDB
  AUTO_INCREMENT = 304
  DEFAULT CHARSET = utf8mb3 COMMENT ='车位';

-- ----------------------------
-- Records of parking_space
-- ----------------------------
BEGIN;
INSERT INTO `parking_space`
VALUES (3, 'A1', '负一层', '负一层A区车位A1', 1, 6, '负一层A区车位A1', 1628863920221, NULL);
INSERT INTO `parking_space`
VALUES (4, 'A2', '负一层', '负一层A区车位A2', 3, 6, '负一层A区车位A2', 1628863920400, 1627876800000);
INSERT INTO `parking_space`
VALUES (5, 'A3', '负一层', '负一层A区车位A3', 1, 6, '负一层A区车位A3', 1628863920403, 1628391600000);
INSERT INTO `parking_space`
VALUES (6, 'A4', '负一层', '负一层A区车位A4', 3, 6, '负一层A区车位A4', 1628863920405, 1628794800000);
INSERT INTO `parking_space`
VALUES (7, 'A5', '负一层', '负一层A区车位A5', 1, 6, '负一层A区车位A5', 1628863920408, 1628679600000);
INSERT INTO `parking_space`
VALUES (8, 'A6', '负一层', '负一层A区车位A6', 1, 6, '负一层A区车位A6', 1628863920410, 1628398800000);
INSERT INTO `parking_space`
VALUES (9, 'A7', '负一层', '负一层A区车位A7', 1, 6, '负一层A区车位A7', 1628863920412, 1626566400000);
INSERT INTO `parking_space`
VALUES (10, 'A8', '负一层', '负一层A区车位A8', 1, 6, '负一层A区车位A8', 1628863920414, NULL);
INSERT INTO `parking_space`
VALUES (11, 'A9', '负一层', '负一层A区车位A9', 1, 6, '负一层A区车位A9', 1628863920416, NULL);
INSERT INTO `parking_space`
VALUES (12, 'A10', '负一层', '负一层A区车位A10', 1, 6, '负一层A区车位A10', 1628863920418, 1628708400000);
INSERT INTO `parking_space`
VALUES (13, 'A11', '负一层', '负一层A区车位A11', 1, 6, '负一层A区车位A11', 1628863920420, NULL);
INSERT INTO `parking_space`
VALUES (14, 'A12', '负一层', '负一层A区车位A12', 1, 6, '负一层A区车位A12', 1628863920422, 1628708400000);
INSERT INTO `parking_space`
VALUES (15, 'A13', '负一层', '负一层A区车位A13', 1, 6, '负一层A区车位A13', 1628863920424, 1627059600000);
INSERT INTO `parking_space`
VALUES (16, 'A14', '负一层', '负一层A区车位A14', 1, 6, '负一层A区车位A14', 1628863920426, 1628517600000);
INSERT INTO `parking_space`
VALUES (17, 'A15', '负一层', '负一层A区车位A15', 1, 6, '负一层A区车位A15', 1628863920428, NULL);
INSERT INTO `parking_space`
VALUES (18, 'A16', '负一层', '负一层A区车位A16', 1, 6, '负一层A区车位A16', 1628863920431, 1628776800000);
INSERT INTO `parking_space`
VALUES (19, 'A17', '负一层', '负一层A区车位A17', 1, 6, '负一层A区车位A17', 1628863920435, NULL);
INSERT INTO `parking_space`
VALUES (20, 'A18', '负一层', '负一层A区车位A18', 1, 6, '负一层A区车位A18', 1628863920437, 1626116400000);
INSERT INTO `parking_space`
VALUES (21, 'A19', '负一层', '负一层A区车位A19', 1, 6, '负一层A区车位A19', 1628863920439, 1628316000000);
INSERT INTO `parking_space`
VALUES (22, 'A20', '负一层', '负一层A区车位A20', 1, 6, '负一层A区车位A20', 1628863920442, 1628845200000);
INSERT INTO `parking_space`
VALUES (23, 'A21', '负一层', '负一层A区车位A21', 1, 6, '负一层A区车位A21', 1628863920448, 1628402400000);
INSERT INTO `parking_space`
VALUES (24, 'A22', '负一层', '负一层A区车位A22', 1, 6, '负一层A区车位A22', 1628863920450, NULL);
INSERT INTO `parking_space`
VALUES (25, 'A23', '负一层', '负一层A区车位A23', 1, 6, '负一层A区车位A23', 1628863920451, 1626422400000);
INSERT INTO `parking_space`
VALUES (26, 'A24', '负一层', '负一层A区车位A24', 3, 6, '负一层A区车位A24', 1628863920454, 1628841600000);
INSERT INTO `parking_space`
VALUES (27, 'A25', '负一层', '负一层A区车位A25', 1, 6, '负一层A区车位A25', 1628863920456, 1628434800000);
INSERT INTO `parking_space`
VALUES (28, 'A26', '负一层', '负一层A区车位A26', 1, 6, '负一层A区车位A26', 1628863920459, 1628845200000);
INSERT INTO `parking_space`
VALUES (29, 'A27', '负一层', '负一层A区车位A27', 1, 6, '负一层A区车位A27', 1628863920461, 1628632800000);
INSERT INTO `parking_space`
VALUES (30, 'A28', '负一层', '负一层A区车位A28', 1, 6, '负一层A区车位A28', 1628863920463, NULL);
INSERT INTO `parking_space`
VALUES (31, 'A29', '负一层', '负一层A区车位A29', 1, 6, '负一层A区车位A29', 1628863920465, NULL);
INSERT INTO `parking_space`
VALUES (32, 'A30', '负一层', '负一层A区车位A30', 3, 6, '负一层A区车位A30', 1628863920467, 1628143200000);
INSERT INTO `parking_space`
VALUES (33, 'A31', '负一层', '负一层A区车位A31', 1, 6, '负一层A区车位A31', 1628863920468, NULL);
INSERT INTO `parking_space`
VALUES (34, 'A32', '负一层', '负一层A区车位A32', 1, 6, '负一层A区车位A32', 1628863920470, NULL);
INSERT INTO `parking_space`
VALUES (35, 'A33', '负一层', '负一层A区车位A33', 1, 6, '负一层A区车位A33', 1628863920472, 1626325200000);
INSERT INTO `parking_space`
VALUES (36, 'A34', '负一层', '负一层A区车位A34', 1, 6, '负一层A区车位A34', 1628863920474, NULL);
INSERT INTO `parking_space`
VALUES (37, 'A35', '负一层', '负一层A区车位A35', 1, 6, '负一层A区车位A35', 1628863920476, NULL);
INSERT INTO `parking_space`
VALUES (38, 'A36', '负一层', '负一层A区车位A36', 1, 6, '负一层A区车位A36', 1628863920482, 1628449200000);
INSERT INTO `parking_space`
VALUES (39, 'A37', '负一层', '负一层A区车位A37', 1, 6, '负一层A区车位A37', 1628863920484, 1628816400000);
INSERT INTO `parking_space`
VALUES (40, 'A38', '负一层', '负一层A区车位A38', 1, 6, '负一层A区车位A38', 1628863920485, NULL);
INSERT INTO `parking_space`
VALUES (41, 'A39', '负一层', '负一层A区车位A39', 1, 6, '负一层A区车位A39', 1628863920487, NULL);
INSERT INTO `parking_space`
VALUES (42, 'A40', '负一层', '负一层A区车位A40', 1, 6, '负一层A区车位A40', 1628863920489, 1628370000000);
INSERT INTO `parking_space`
VALUES (43, 'A41', '负一层', '负一层A区车位A41', 1, 6, '负一层A区车位A41', 1628863920491, 1628463600000);
INSERT INTO `parking_space`
VALUES (44, 'A42', '负一层', '负一层A区车位A42', 1, 6, '负一层A区车位A42', 1628863920493, 1628316000000);
INSERT INTO `parking_space`
VALUES (45, 'A43', '负一层', '负一层A区车位A43', 1, 6, '负一层A区车位A43', 1628863920495, 1628618400000);
INSERT INTO `parking_space`
VALUES (46, 'A44', '负一层', '负一层A区车位A44', 1, 6, '负一层A区车位A44', 1628863920496, 1628272800000);
INSERT INTO `parking_space`
VALUES (47, 'A45', '负一层', '负一层A区车位A45', 1, 6, '负一层A区车位A45', 1628863920499, NULL);
INSERT INTO `parking_space`
VALUES (48, 'A46', '负一层', '负一层A区车位A46', 1, 6, '负一层A区车位A46', 1628863920501, NULL);
INSERT INTO `parking_space`
VALUES (49, 'A47', '负一层', '负一层A区车位A47', 1, 6, '负一层A区车位A47', 1628863920502, 1628373600000);
INSERT INTO `parking_space`
VALUES (50, 'A48', '负一层', '负一层A区车位A48', 1, 6, '负一层A区车位A48', 1628863920504, 1626832800000);
INSERT INTO `parking_space`
VALUES (51, 'A49', '负一层', '负一层A区车位A49', 1, 6, '负一层A区车位A49', 1628863920506, 1628600400000);
INSERT INTO `parking_space`
VALUES (52, 'A50', '负一层', '负一层A区车位A50', 3, 6, '负一层A区车位A50', 1628863920508, 1627606800000);
INSERT INTO `parking_space`
VALUES (53, 'B1', '负一层', '负一层B区车位B1', 1, 6, '负一层B区车位B1', 1628863920511, 1628503200000);
INSERT INTO `parking_space`
VALUES (54, 'B2', '负一层', '负一层B区车位B2', 1, 6, '负一层B区车位B2', 1628863920514, 1628316000000);
INSERT INTO `parking_space`
VALUES (55, 'B3', '负一层', '负一层B区车位B3', 1, 6, '负一层B区车位B3', 1628863920515, 1628827200000);
INSERT INTO `parking_space`
VALUES (56, 'B4', '负一层', '负一层B区车位B4', 3, 6, '负一层B区车位B4', 1628863920517, 1627858800000);
INSERT INTO `parking_space`
VALUES (57, 'B5', '负一层', '负一层B区车位B5', 1, 6, '负一层B区车位B5', 1628863920519, 1628701200000);
INSERT INTO `parking_space`
VALUES (58, 'B6', '负一层', '负一层B区车位B6', 1, 6, '负一层B区车位B6', 1628863920521, NULL);
INSERT INTO `parking_space`
VALUES (59, 'B7', '负一层', '负一层B区车位B7', 1, 6, '负一层B区车位B7', 1628863920523, NULL);
INSERT INTO `parking_space`
VALUES (60, 'B8', '负一层', '负一层B区车位B8', 3, 6, '负一层B区车位B8', 1628863920525, 1628744400000);
INSERT INTO `parking_space`
VALUES (61, 'B9', '负一层', '负一层B区车位B9', 1, 6, '负一层B区车位B9', 1628863920527, NULL);
INSERT INTO `parking_space`
VALUES (62, 'B10', '负一层', '负一层B区车位B10', 1, 6, '负一层B区车位B10', 1628863920528, NULL);
INSERT INTO `parking_space`
VALUES (63, 'B11', '负一层', '负一层B区车位B11', 1, 6, '负一层B区车位B11', 1628863920530, 1628485200000);
INSERT INTO `parking_space`
VALUES (64, 'B12', '负一层', '负一层B区车位B12', 1, 6, '负一层B区车位B12', 1628863920531, 1628614800000);
INSERT INTO `parking_space`
VALUES (65, 'B13', '负一层', '负一层B区车位B13', 1, 6, '负一层B区车位B13', 1628863920532, 1628380800000);
INSERT INTO `parking_space`
VALUES (66, 'B14', '负一层', '负一层B区车位B14', 1, 6, '负一层B区车位B14', 1628863920534, 1626868800000);
INSERT INTO `parking_space`
VALUES (67, 'B15', '负一层', '负一层B区车位B15', 1, 6, '负一层B区车位B15', 1628863920535, 1628208000000);
INSERT INTO `parking_space`
VALUES (68, 'B16', '负一层', '负一层B区车位B16', 1, 6, '负一层B区车位B16', 1628863920537, 1628326800000);
INSERT INTO `parking_space`
VALUES (69, 'B17', '负一层', '负一层B区车位B17', 1, 6, '负一层B区车位B17', 1628863920538, 1625612400000);
INSERT INTO `parking_space`
VALUES (70, 'B18', '负一层', '负一层B区车位B18', 1, 6, '负一层B区车位B18', 1628863920540, 1628784000000);
INSERT INTO `parking_space`
VALUES (71, 'B19', '负一层', '负一层B区车位B19', 1, 6, '负一层B区车位B19', 1628863920541, 1628816400000);
INSERT INTO `parking_space`
VALUES (72, 'B20', '负一层', '负一层B区车位B20', 1, 6, '负一层B区车位B20', 1628863920542, 1628413200000);
INSERT INTO `parking_space`
VALUES (73, 'B21', '负一层', '负一层B区车位B21', 1, 6, '负一层B区车位B21', 1628863920543, 1628668800000);
INSERT INTO `parking_space`
VALUES (74, 'B22', '负一层', '负一层B区车位B22', 3, 6, '负一层B区车位B22', 1628863920545, 1627729200000);
INSERT INTO `parking_space`
VALUES (75, 'B23', '负一层', '负一层B区车位B23', 1, 6, '负一层B区车位B23', 1628863920547, NULL);
INSERT INTO `parking_space`
VALUES (76, 'B24', '负一层', '负一层B区车位B24', 1, 6, '负一层B区车位B24', 1628863920548, NULL);
INSERT INTO `parking_space`
VALUES (77, 'B25', '负一层', '负一层B区车位B25', 1, 6, '负一层B区车位B25', 1628863920549, 1628726400000);
INSERT INTO `parking_space`
VALUES (78, 'B26', '负一层', '负一层B区车位B26', 1, 6, '负一层B区车位B26', 1628863920550, 1628449200000);
INSERT INTO `parking_space`
VALUES (79, 'B27', '负一层', '负一层B区车位B27', 3, 6, '负一层B区车位B27', 1628863920552, 1628481600000);
INSERT INTO `parking_space`
VALUES (80, 'B28', '负一层', '负一层B区车位B28', 1, 6, '负一层B区车位B28', 1628863920553, NULL);
INSERT INTO `parking_space`
VALUES (81, 'B29', '负一层', '负一层B区车位B29', 1, 6, '负一层B区车位B29', 1628863920554, 1628265600000);
INSERT INTO `parking_space`
VALUES (82, 'B30', '负一层', '负一层B区车位B30', 3, 6, '负一层B区车位B30', 1628863920556, 1627671600000);
INSERT INTO `parking_space`
VALUES (83, 'B31', '负一层', '负一层B区车位B31', 3, 6, '负一层B区车位B31', 1628863920557, 1627707600000);
INSERT INTO `parking_space`
VALUES (84, 'B32', '负一层', '负一层B区车位B32', 1, 6, '负一层B区车位B32', 1628863920558, 1628683200000);
INSERT INTO `parking_space`
VALUES (85, 'B33', '负一层', '负一层B区车位B33', 1, 6, '负一层B区车位B33', 1628863920559, 1628740800000);
INSERT INTO `parking_space`
VALUES (86, 'B34', '负一层', '负一层B区车位B34', 3, 6, '负一层B区车位B34', 1628863920561, 1628848800000);
INSERT INTO `parking_space`
VALUES (87, 'B35', '负一层', '负一层B区车位B35', 1, 6, '负一层B区车位B35', 1628863920562, 1628708400000);
INSERT INTO `parking_space`
VALUES (88, 'B36', '负一层', '负一层B区车位B36', 1, 6, '负一层B区车位B36', 1628863920564, 1626714000000);
INSERT INTO `parking_space`
VALUES (89, 'B37', '负一层', '负一层B区车位B37', 1, 6, '负一层B区车位B37', 1628863920566, 1628776800000);
INSERT INTO `parking_space`
VALUES (90, 'B38', '负一层', '负一层B区车位B38', 1, 6, '负一层B区车位B38', 1628863920567, 1625590800000);
INSERT INTO `parking_space`
VALUES (91, 'B39', '负一层', '负一层B区车位B39', 1, 6, '负一层B区车位B39', 1628863920569, 1628290800000);
INSERT INTO `parking_space`
VALUES (92, 'B40', '负一层', '负一层B区车位B40', 1, 6, '负一层B区车位B40', 1628863920570, NULL);
INSERT INTO `parking_space`
VALUES (93, 'B41', '负一层', '负一层B区车位B41', 1, 6, '负一层B区车位B41', 1628863920571, NULL);
INSERT INTO `parking_space`
VALUES (94, 'B42', '负一层', '负一层B区车位B42', 1, 6, '负一层B区车位B42', 1628863920572, 1626300000000);
INSERT INTO `parking_space`
VALUES (95, 'B43', '负一层', '负一层B区车位B43', 1, 6, '负一层B区车位B43', 1628863920574, NULL);
INSERT INTO `parking_space`
VALUES (96, 'B44', '负一层', '负一层B区车位B44', 1, 6, '负一层B区车位B44', 1628863920575, NULL);
INSERT INTO `parking_space`
VALUES (97, 'B45', '负一层', '负一层B区车位B45', 1, 6, '负一层B区车位B45', 1628863920577, 1626516000000);
INSERT INTO `parking_space`
VALUES (98, 'B46', '负一层', '负一层B区车位B46', 1, 6, '负一层B区车位B46', 1628863920578, NULL);
INSERT INTO `parking_space`
VALUES (99, 'B47', '负一层', '负一层B区车位B47', 3, 6, '负一层B区车位B47', 1628863920580, 1628643600000);
INSERT INTO `parking_space`
VALUES (100, 'B48', '负一层', '负一层B区车位B48', 3, 6, '负一层B区车位B48', 1628863920581, 1627999200000);
INSERT INTO `parking_space`
VALUES (101, 'B49', '负一层', '负一层B区车位B49', 1, 6, '负一层B区车位B49', 1628863920582, NULL);
INSERT INTO `parking_space`
VALUES (102, 'B50', '负一层', '负一层B区车位B50', 3, 6, '负一层B区车位B50', 1628863920584, 1627930800000);
INSERT INTO `parking_space`
VALUES (103, 'C1', '负一层', '负一层C区车位C1', 1, 6, '负一层C区车位C1', 1628863920585, NULL);
INSERT INTO `parking_space`
VALUES (104, 'C2', '负一层', '负一层C区车位C2', 1, 6, '负一层C区车位C2', 1628863920586, 1628474400000);
INSERT INTO `parking_space`
VALUES (105, 'C3', '负一层', '负一层C区车位C3', 1, 6, '负一层C区车位C3', 1628863920587, 1628820000000);
INSERT INTO `parking_space`
VALUES (106, 'C4', '负一层', '负一层C区车位C4', 1, 6, '负一层C区车位C4', 1628863920588, 1628337600000);
INSERT INTO `parking_space`
VALUES (107, 'C5', '负一层', '负一层C区车位C5', 3, 6, '负一层C区车位C5', 1628863920590, 1628247600000);
INSERT INTO `parking_space`
VALUES (108, 'C6', '负一层', '负一层C区车位C6', 1, 6, '负一层C区车位C6', 1628863920591, 1628823600000);
INSERT INTO `parking_space`
VALUES (109, 'C7', '负一层', '负一层C区车位C7', 1, 6, '负一层C区车位C7', 1628863920593, NULL);
INSERT INTO `parking_space`
VALUES (110, 'C8', '负一层', '负一层C区车位C8', 1, 6, '负一层C区车位C8', 1628863920594, NULL);
INSERT INTO `parking_space`
VALUES (111, 'C9', '负一层', '负一层C区车位C9', 1, 6, '负一层C区车位C9', 1628863920595, NULL);
INSERT INTO `parking_space`
VALUES (112, 'C10', '负一层', '负一层C区车位C10', 1, 6, '负一层C区车位C10', 1628863920596, NULL);
INSERT INTO `parking_space`
VALUES (113, 'C11', '负一层', '负一层C区车位C11', 1, 6, '负一层C区车位C11', 1628863920597, 1628528400000);
INSERT INTO `parking_space`
VALUES (114, 'C12', '负一层', '负一层C区车位C12', 1, 6, '负一层C区车位C12', 1628863920599, 1628402400000);
INSERT INTO `parking_space`
VALUES (115, 'C13', '负一层', '负一层C区车位C13', 1, 6, '负一层C区车位C13', 1628863920600, NULL);
INSERT INTO `parking_space`
VALUES (116, 'C14', '负一层', '负一层C区车位C14', 1, 6, '负一层C区车位C14', 1628863920601, 1628694000000);
INSERT INTO `parking_space`
VALUES (117, 'C15', '负一层', '负一层C区车位C15', 1, 6, '负一层C区车位C15', 1628863920603, NULL);
INSERT INTO `parking_space`
VALUES (118, 'C16', '负一层', '负一层C区车位C16', 1, 6, '负一层C区车位C16', 1628863920604, NULL);
INSERT INTO `parking_space`
VALUES (119, 'C17', '负一层', '负一层C区车位C17', 1, 6, '负一层C区车位C17', 1628863920606, 1628366400000);
INSERT INTO `parking_space`
VALUES (120, 'C18', '负一层', '负一层C区车位C18', 3, 6, '负一层C区车位C18', 1628863920608, 1628287200000);
INSERT INTO `parking_space`
VALUES (121, 'C19', '负一层', '负一层C区车位C19', 1, 6, '负一层C区车位C19', 1628863920609, 1628553600000);
INSERT INTO `parking_space`
VALUES (122, 'C20', '负一层', '负一层C区车位C20', 1, 6, '负一层C区车位C20', 1628863920610, NULL);
INSERT INTO `parking_space`
VALUES (123, 'C21', '负一层', '负一层C区车位C21', 1, 6, '负一层C区车位C21', 1628863920611, 1628564400000);
INSERT INTO `parking_space`
VALUES (124, 'C22', '负一层', '负一层C区车位C22', 1, 6, '负一层C区车位C22', 1628863920613, NULL);
INSERT INTO `parking_space`
VALUES (125, 'C23', '负一层', '负一层C区车位C23', 1, 6, '负一层C区车位C23', 1628863920614, NULL);
INSERT INTO `parking_space`
VALUES (126, 'C24', '负一层', '负一层C区车位C24', 3, 6, '负一层C区车位C24', 1628863920615, 1628233200000);
INSERT INTO `parking_space`
VALUES (127, 'C25', '负一层', '负一层C区车位C25', 3, 6, '负一层C区车位C25', 1628863920616, 1627678800000);
INSERT INTO `parking_space`
VALUES (128, 'C26', '负一层', '负一层C区车位C26', 1, 6, '负一层C区车位C26', 1628863920617, NULL);
INSERT INTO `parking_space`
VALUES (129, 'C27', '负一层', '负一层C区车位C27', 1, 6, '负一层C区车位C27', 1628863920619, 1626433200000);
INSERT INTO `parking_space`
VALUES (130, 'C28', '负一层', '负一层C区车位C28', 1, 6, '负一层C区车位C28', 1628863920620, 1628614800000);
INSERT INTO `parking_space`
VALUES (131, 'C29', '负一层', '负一层C区车位C29', 1, 6, '负一层C区车位C29', 1628863920621, NULL);
INSERT INTO `parking_space`
VALUES (132, 'C30', '负一层', '负一层C区车位C30', 1, 6, '负一层C区车位C30', 1628863920622, NULL);
INSERT INTO `parking_space`
VALUES (133, 'C31', '负一层', '负一层C区车位C31', 1, 6, '负一层C区车位C31', 1628863920623, NULL);
INSERT INTO `parking_space`
VALUES (134, 'C32', '负一层', '负一层C区车位C32', 1, 6, '负一层C区车位C32', 1628863920624, 1628690400000);
INSERT INTO `parking_space`
VALUES (135, 'C33', '负一层', '负一层C区车位C33', 1, 6, '负一层C区车位C33', 1628863920626, NULL);
INSERT INTO `parking_space`
VALUES (136, 'C34', '负一层', '负一层C区车位C34', 1, 6, '负一层C区车位C34', 1628863920627, 1626811200000);
INSERT INTO `parking_space`
VALUES (137, 'C35', '负一层', '负一层C区车位C35', 1, 6, '负一层C区车位C35', 1628863920628, NULL);
INSERT INTO `parking_space`
VALUES (138, 'C36', '负一层', '负一层C区车位C36', 1, 6, '负一层C区车位C36', 1628863920629, 1627797600000);
INSERT INTO `parking_space`
VALUES (139, 'C37', '负一层', '负一层C区车位C37', 1, 6, '负一层C区车位C37', 1628863920630, NULL);
INSERT INTO `parking_space`
VALUES (140, 'C38', '负一层', '负一层C区车位C38', 3, 6, '负一层C区车位C38', 1628863920631, 1627927200000);
INSERT INTO `parking_space`
VALUES (141, 'C39', '负一层', '负一层C区车位C39', 1, 6, '负一层C区车位C39', 1628863920632, NULL);
INSERT INTO `parking_space`
VALUES (142, 'C40', '负一层', '负一层C区车位C40', 1, 6, '负一层C区车位C40', 1628863920633, 1628784000000);
INSERT INTO `parking_space`
VALUES (143, 'C41', '负一层', '负一层C区车位C41', 3, 6, '负一层C区车位C41', 1628863920633, 1627606800000);
INSERT INTO `parking_space`
VALUES (144, 'C42', '负一层', '负一层C区车位C42', 1, 6, '负一层C区车位C42', 1628863920634, NULL);
INSERT INTO `parking_space`
VALUES (145, 'C43', '负一层', '负一层C区车位C43', 1, 6, '负一层C区车位C43', 1628863920636, 1628301600000);
INSERT INTO `parking_space`
VALUES (146, 'C44', '负一层', '负一层C区车位C44', 1, 6, '负一层C区车位C44', 1628863920637, 1628024400000);
INSERT INTO `parking_space`
VALUES (147, 'C45', '负一层', '负一层C区车位C45', 1, 6, '负一层C区车位C45', 1628863920639, 1628571600000);
INSERT INTO `parking_space`
VALUES (148, 'C46', '负一层', '负一层C区车位C46', 1, 6, '负一层C区车位C46', 1628863920641, 1628694000000);
INSERT INTO `parking_space`
VALUES (149, 'C47', '负一层', '负一层C区车位C47', 1, 6, '负一层C区车位C47', 1628863920643, 1628701200000);
INSERT INTO `parking_space`
VALUES (150, 'C48', '负一层', '负一层C区车位C48', 1, 6, '负一层C区车位C48', 1628863920649, 1628380800000);
INSERT INTO `parking_space`
VALUES (151, 'C49', '负一层', '负一层C区车位C49', 1, 6, '负一层C区车位C49', 1628863920652, 1628647200000);
INSERT INTO `parking_space`
VALUES (152, 'C50', '负一层', '负一层C区车位C50', 1, 6, '负一层C区车位C50', 1628863920654, 1628856000000);
INSERT INTO `parking_space`
VALUES (153, 'D1', '负一层', '负一层D区车位D1', 1, 6, '负一层D区车位D1', 1628863920655, 1628866800000);
INSERT INTO `parking_space`
VALUES (154, 'D2', '负一层', '负一层D区车位D2', 1, 6, '负一层D区车位D2', 1628863920656, 1628611200000);
INSERT INTO `parking_space`
VALUES (155, 'D3', '负一层', '负一层D区车位D3', 3, 6, '负一层D区车位D3', 1628863920658, 1628676000000);
INSERT INTO `parking_space`
VALUES (156, 'D4', '负一层', '负一层D区车位D4', 3, 6, '负一层D区车位D4', 1628863920659, 1628136000000);
INSERT INTO `parking_space`
VALUES (157, 'D5', '负一层', '负一层D区车位D5', 1, 6, '负一层D区车位D5', 1628863920660, NULL);
INSERT INTO `parking_space`
VALUES (158, 'D6', '负一层', '负一层D区车位D6', 1, 6, '负一层D区车位D6', 1628863920661, NULL);
INSERT INTO `parking_space`
VALUES (159, 'D7', '负一层', '负一层D区车位D7', 1, 6, '负一层D区车位D7', 1628863920663, 1628668800000);
INSERT INTO `parking_space`
VALUES (160, 'D8', '负一层', '负一层D区车位D8', 3, 6, '负一层D区车位D8', 1628863920664, 1628211600000);
INSERT INTO `parking_space`
VALUES (161, 'D9', '负一层', '负一层D区车位D9', 3, 6, '负一层D区车位D9', 1628863920665, 1627884000000);
INSERT INTO `parking_space`
VALUES (162, 'D10', '负一层', '负一层D区车位D10', 1, 6, '负一层D区车位D10', 1628863920666, 1628488800000);
INSERT INTO `parking_space`
VALUES (163, 'D11', '负一层', '负一层D区车位D11', 3, 6, '负一层D区车位D11', 1628863920667, 1628391600000);
INSERT INTO `parking_space`
VALUES (164, 'D12', '负一层', '负一层D区车位D12', 1, 6, '负一层D区车位D12', 1628863920668, 1628575200000);
INSERT INTO `parking_space`
VALUES (165, 'D13', '负一层', '负一层D区车位D13', 1, 6, '负一层D区车位D13', 1628863920669, 1628413200000);
INSERT INTO `parking_space`
VALUES (166, 'D14', '负一层', '负一层D区车位D14', 1, 6, '负一层D区车位D14', 1628863920670, 1628355600000);
INSERT INTO `parking_space`
VALUES (167, 'D15', '负一层', '负一层D区车位D15', 1, 6, '负一层D区车位D15', 1628863920671, NULL);
INSERT INTO `parking_space`
VALUES (168, 'D16', '负一层', '负一层D区车位D16', 1, 6, '负一层D区车位D16', 1628863920672, NULL);
INSERT INTO `parking_space`
VALUES (169, 'D17', '负一层', '负一层D区车位D17', 1, 6, '负一层D区车位D17', 1628863920674, 1628514000000);
INSERT INTO `parking_space`
VALUES (170, 'D18', '负一层', '负一层D区车位D18', 1, 6, '负一层D区车位D18', 1628863920676, 1628564400000);
INSERT INTO `parking_space`
VALUES (171, 'D19', '负一层', '负一层D区车位D19', 1, 6, '负一层D区车位D19', 1628863920678, 1628125200000);
INSERT INTO `parking_space`
VALUES (172, 'D20', '负一层', '负一层D区车位D20', 1, 6, '负一层D区车位D20', 1628863920680, NULL);
INSERT INTO `parking_space`
VALUES (173, 'D21', '负一层', '负一层D区车位D21', 1, 6, '负一层D区车位D21', 1628863920681, 1628643600000);
INSERT INTO `parking_space`
VALUES (174, 'D22', '负一层', '负一层D区车位D22', 1, 6, '负一层D区车位D22', 1628863920682, NULL);
INSERT INTO `parking_space`
VALUES (175, 'D23', '负一层', '负一层D区车位D23', 1, 6, '负一层D区车位D23', 1628863920683, NULL);
INSERT INTO `parking_space`
VALUES (176, 'D24', '负一层', '负一层D区车位D24', 1, 6, '负一层D区车位D24', 1628863920684, 1628557200000);
INSERT INTO `parking_space`
VALUES (177, 'D25', '负一层', '负一层D区车位D25', 1, 6, '负一层D区车位D25', 1628863920687, NULL);
INSERT INTO `parking_space`
VALUES (178, 'D26', '负一层', '负一层D区车位D26', 1, 6, '负一层D区车位D26', 1628863920690, NULL);
INSERT INTO `parking_space`
VALUES (179, 'D27', '负一层', '负一层D区车位D27', 1, 6, '负一层D区车位D27', 1628863920692, NULL);
INSERT INTO `parking_space`
VALUES (180, 'D28', '负一层', '负一层D区车位D28', 1, 6, '负一层D区车位D28', 1628863920694, 1627214400000);
INSERT INTO `parking_space`
VALUES (181, 'D29', '负一层', '负一层D区车位D29', 3, 6, '负一层D区车位D29', 1628863920695, 1628121600000);
INSERT INTO `parking_space`
VALUES (182, 'D30', '负一层', '负一层D区车位D30', 1, 6, '负一层D区车位D30', 1628863920696, 1628827200000);
INSERT INTO `parking_space`
VALUES (183, 'D31', '负一层', '负一层D区车位D31', 1, 6, '负一层D区车位D31', 1628863920697, NULL);
INSERT INTO `parking_space`
VALUES (184, 'D32', '负一层', '负一层D区车位D32', 1, 6, '负一层D区车位D32', 1628863920699, 1628632800000);
INSERT INTO `parking_space`
VALUES (185, 'D33', '负一层', '负一层D区车位D33', 1, 6, '负一层D区车位D33', 1628863920700, NULL);
INSERT INTO `parking_space`
VALUES (186, 'D34', '负一层', '负一层D区车位D34', 1, 6, '负一层D区车位D34', 1628863920701, 1626156000000);
INSERT INTO `parking_space`
VALUES (187, 'D35', '负一层', '负一层D区车位D35', 1, 6, '负一层D区车位D35', 1628863920702, 1628866800000);
INSERT INTO `parking_space`
VALUES (188, 'D36', '负一层', '负一层D区车位D36', 3, 6, '负一层D区车位D36', 1628863920703, 1628524800000);
INSERT INTO `parking_space`
VALUES (189, 'D37', '负一层', '负一层D区车位D37', 3, 6, '负一层D区车位D37', 1628863920704, 1627779600000);
INSERT INTO `parking_space`
VALUES (190, 'D38', '负一层', '负一层D区车位D38', 1, 6, '负一层D区车位D38', 1628863920705, 1628366400000);
INSERT INTO `parking_space`
VALUES (191, 'D39', '负一层', '负一层D区车位D39', 3, 6, '负一层D区车位D39', 1628863920706, 1628276400000);
INSERT INTO `parking_space`
VALUES (192, 'D40', '负一层', '负一层D区车位D40', 1, 6, '负一层D区车位D40', 1628863920708, NULL);
INSERT INTO `parking_space`
VALUES (193, 'D41', '负一层', '负一层D区车位D41', 1, 6, '负一层D区车位D41', 1628863920710, NULL);
INSERT INTO `parking_space`
VALUES (194, 'D42', '负一层', '负一层D区车位D42', 3, 6, '负一层D区车位D42', 1628863920712, 1628265600000);
INSERT INTO `parking_space`
VALUES (195, 'D43', '负一层', '负一层D区车位D43', 1, 6, '负一层D区车位D43', 1628863920713, 1628578800000);
INSERT INTO `parking_space`
VALUES (196, 'D44', '负一层', '负一层D区车位D44', 1, 6, '负一层D区车位D44', 1628863920714, 1628776800000);
INSERT INTO `parking_space`
VALUES (197, 'D45', '负一层', '负一层D区车位D45', 1, 6, '负一层D区车位D45', 1628863920715, 1628708400000);
INSERT INTO `parking_space`
VALUES (198, 'D46', '负一层', '负一层D区车位D46', 1, 6, '负一层D区车位D46', 1628863920716, NULL);
INSERT INTO `parking_space`
VALUES (199, 'D47', '负一层', '负一层D区车位D47', 1, 6, '负一层D区车位D47', 1628863920717, 1625468400000);
INSERT INTO `parking_space`
VALUES (200, 'D48', '负一层', '负一层D区车位D48', 1, 6, '负一层D区车位D48', 1628863920718, 1628388000000);
INSERT INTO `parking_space`
VALUES (201, 'D49', '负一层', '负一层D区车位D49', 3, 6, '负一层D区车位D49', 1628863920719, 1628200800000);
INSERT INTO `parking_space`
VALUES (202, 'D50', '负一层', '负一层D区车位D50', 1, 6, '负一层D区车位D50', 1628863920720, 1628852400000);
INSERT INTO `parking_space`
VALUES (203, 'E1', '负一层', '负一层E区车位E1', 1, 6, '负一层E区车位E1', 1628863920721, 1626274800000);
INSERT INTO `parking_space`
VALUES (204, 'E2', '负一层', '负一层E区车位E2', 1, 6, '负一层E区车位E2', 1628863920723, 1628506800000);
INSERT INTO `parking_space`
VALUES (205, 'E3', '负一层', '负一层E区车位E3', 1, 6, '负一层E区车位E3', 1628863920724, NULL);
INSERT INTO `parking_space`
VALUES (206, 'E4', '负一层', '负一层E区车位E4', 1, 6, '负一层E区车位E4', 1628863920725, NULL);
INSERT INTO `parking_space`
VALUES (207, 'E5', '负一层', '负一层E区车位E5', 1, 6, '负一层E区车位E5', 1628863920727, 1628373600000);
INSERT INTO `parking_space`
VALUES (208, 'E6', '负一层', '负一层E区车位E6', 1, 6, '负一层E区车位E6', 1628863920728, NULL);
INSERT INTO `parking_space`
VALUES (209, 'E7', '负一层', '负一层E区车位E7', 1, 6, '负一层E区车位E7', 1628863920729, 1628395200000);
INSERT INTO `parking_space`
VALUES (210, 'E8', '负一层', '负一层E区车位E8', 1, 6, '负一层E区车位E8', 1628863920731, 1625832000000);
INSERT INTO `parking_space`
VALUES (211, 'E9', '负一层', '负一层E区车位E9', 1, 6, '负一层E区车位E9', 1628863920732, 1628863200000);
INSERT INTO `parking_space`
VALUES (212, 'E10', '负一层', '负一层E区车位E10', 1, 6, '负一层E区车位E10', 1628863920734, 1628521200000);
INSERT INTO `parking_space`
VALUES (213, 'E11', '负一层', '负一层E区车位E11', 1, 6, '负一层E区车位E11', 1628863920735, 1628506800000);
INSERT INTO `parking_space`
VALUES (214, 'E12', '负一层', '负一层E区车位E12', 1, 6, '负一层E区车位E12', 1628863920736, NULL);
INSERT INTO `parking_space`
VALUES (215, 'E13', '负一层', '负一层E区车位E13', 3, 6, '负一层E区车位E13', 1628863920738, 1628164800000);
INSERT INTO `parking_space`
VALUES (216, 'E14', '负一层', '负一层E区车位E14', 1, 6, '负一层E区车位E14', 1628863920739, NULL);
INSERT INTO `parking_space`
VALUES (217, 'E15', '负一层', '负一层E区车位E15', 1, 6, '负一层E区车位E15', 1628863920740, 1628290800000);
INSERT INTO `parking_space`
VALUES (218, 'E16', '负一层', '负一层E区车位E16', 1, 6, '负一层E区车位E16', 1628863920741, 1625781600000);
INSERT INTO `parking_space`
VALUES (219, 'E17', '负一层', '负一层E区车位E17', 1, 6, '负一层E区车位E17', 1628863920743, 1628676000000);
INSERT INTO `parking_space`
VALUES (220, 'E18', '负一层', '负一层E区车位E18', 1, 6, '负一层E区车位E18', 1628863920744, NULL);
INSERT INTO `parking_space`
VALUES (221, 'E19', '负一层', '负一层E区车位E19', 3, 6, '负一层E区车位E19', 1628863920745, 1628661600000);
INSERT INTO `parking_space`
VALUES (222, 'E20', '负一层', '负一层E区车位E20', 1, 6, '负一层E区车位E20', 1628863920746, 1627059600000);
INSERT INTO `parking_space`
VALUES (223, 'E21', '负一层', '负一层E区车位E21', 1, 6, '负一层E区车位E21', 1628863920747, NULL);
INSERT INTO `parking_space`
VALUES (224, 'E22', '负一层', '负一层E区车位E22', 1, 6, '负一层E区车位E22', 1628863920749, NULL);
INSERT INTO `parking_space`
VALUES (225, 'E23', '负一层', '负一层E区车位E23', 1, 6, '负一层E区车位E23', 1628863920750, NULL);
INSERT INTO `parking_space`
VALUES (226, 'E24', '负一层', '负一层E区车位E24', 1, 6, '负一层E区车位E24', 1628863920751, 1628805600000);
INSERT INTO `parking_space`
VALUES (227, 'E25', '负一层', '负一层E区车位E25', 1, 6, '负一层E区车位E25', 1628863920752, 1628424000000);
INSERT INTO `parking_space`
VALUES (228, 'E26', '负一层', '负一层E区车位E26', 1, 6, '负一层E区车位E26', 1628863920753, NULL);
INSERT INTO `parking_space`
VALUES (229, 'E27', '负一层', '负一层E区车位E27', 1, 6, '负一层E区车位E27', 1628863920754, NULL);
INSERT INTO `parking_space`
VALUES (230, 'E28', '负一层', '负一层E区车位E28', 1, 6, '负一层E区车位E28', 1628863920756, NULL);
INSERT INTO `parking_space`
VALUES (231, 'E29', '负一层', '负一层E区车位E29', 1, 6, '负一层E区车位E29', 1628863920757, NULL);
INSERT INTO `parking_space`
VALUES (232, 'E30', '负一层', '负一层E区车位E30', 1, 6, '负一层E区车位E30', 1628863920758, 1628557200000);
INSERT INTO `parking_space`
VALUES (233, 'E31', '负一层', '负一层E区车位E31', 3, 6, '负一层E区车位E31', 1628863920759, 1627876800000);
INSERT INTO `parking_space`
VALUES (234, 'E32', '负一层', '负一层E区车位E32', 1, 6, '负一层E区车位E32', 1628863920760, 1628830800000);
INSERT INTO `parking_space`
VALUES (235, 'E33', '负一层', '负一层E区车位E33', 1, 6, '负一层E区车位E33', 1628863920761, 1625886000000);
INSERT INTO `parking_space`
VALUES (236, 'E34', '负一层', '负一层E区车位E34', 3, 6, '负一层E区车位E34', 1628863920762, 1628704800000);
INSERT INTO `parking_space`
VALUES (237, 'E35', '负一层', '负一层E区车位E35', 1, 6, '负一层E区车位E35', 1628863920763, NULL);
INSERT INTO `parking_space`
VALUES (238, 'E36', '负一层', '负一层E区车位E36', 1, 6, '负一层E区车位E36', 1628863920764, 1628751600000);
INSERT INTO `parking_space`
VALUES (239, 'E37', '负一层', '负一层E区车位E37', 1, 6, '负一层E区车位E37', 1628863920765, 1628715600000);
INSERT INTO `parking_space`
VALUES (240, 'E38', '负一层', '负一层E区车位E38', 1, 6, '负一层E区车位E38', 1628863920766, 1628312400000);
INSERT INTO `parking_space`
VALUES (241, 'E39', '负一层', '负一层E区车位E39', 1, 6, '负一层E区车位E39', 1628863920767, 1627401600000);
INSERT INTO `parking_space`
VALUES (242, 'E40', '负一层', '负一层E区车位E40', 1, 6, '负一层E区车位E40', 1628863920768, NULL);
INSERT INTO `parking_space`
VALUES (243, 'E41', '负一层', '负一层E区车位E41', 1, 6, '负一层E区车位E41', 1628863920769, 1628647200000);
INSERT INTO `parking_space`
VALUES (244, 'E42', '负一层', '负一层E区车位E42', 1, 6, '负一层E区车位E42', 1628863920770, NULL);
INSERT INTO `parking_space`
VALUES (245, 'E43', '负一层', '负一层E区车位E43', 3, 6, '负一层E区车位E43', 1628863920771, 1627768800000);
INSERT INTO `parking_space`
VALUES (246, 'E44', '负一层', '负一层E区车位E44', 1, 6, '负一层E区车位E44', 1628863920772, 1627480800000);
INSERT INTO `parking_space`
VALUES (247, 'E45', '负一层', '负一层E区车位E45', 1, 6, '负一层E区车位E45', 1628863920773, NULL);
INSERT INTO `parking_space`
VALUES (248, 'E46', '负一层', '负一层E区车位E46', 1, 6, '负一层E区车位E46', 1628863920774, NULL);
INSERT INTO `parking_space`
VALUES (249, 'E47', '负一层', '负一层E区车位E47', 1, 6, '负一层E区车位E47', 1628863920775, 1628308800000);
INSERT INTO `parking_space`
VALUES (250, 'E48', '负一层', '负一层E区车位E48', 1, 6, '负一层E区车位E48', 1628863920776, 1628694000000);
INSERT INTO `parking_space`
VALUES (251, 'E49', '负一层', '负一层E区车位E49', 1, 6, '负一层E区车位E49', 1628863920777, NULL);
INSERT INTO `parking_space`
VALUES (252, 'E50', '负一层', '负一层E区车位E50', 1, 6, '负一层E区车位E50', 1628863920779, NULL);
INSERT INTO `parking_space`
VALUES (253, 'F1', '负一层', '负一层F区车位F1', 1, 6, '负一层F区车位F1', 1628863920780, 1627822800000);
INSERT INTO `parking_space`
VALUES (254, 'F2', '负一层', '负一层F区车位F2', 1, 6, '负一层F区车位F2', 1628863920781, NULL);
INSERT INTO `parking_space`
VALUES (255, 'F3', '负一层', '负一层F区车位F3', 1, 6, '负一层F区车位F3', 1628863920782, 1628776800000);
INSERT INTO `parking_space`
VALUES (256, 'F4', '负一层', '负一层F区车位F4', 1, 6, '负一层F区车位F4', 1628863920783, 1628553600000);
INSERT INTO `parking_space`
VALUES (257, 'F5', '负一层', '负一层F区车位F5', 1, 6, '负一层F区车位F5', 1628863920783, NULL);
INSERT INTO `parking_space`
VALUES (258, 'F6', '负一层', '负一层F区车位F6', 1, 6, '负一层F区车位F6', 1628863920784, NULL);
INSERT INTO `parking_space`
VALUES (259, 'F7', '负一层', '负一层F区车位F7', 1, 6, '负一层F区车位F7', 1628863920786, NULL);
INSERT INTO `parking_space`
VALUES (260, 'F8', '负一层', '负一层F区车位F8', 1, 6, '负一层F区车位F8', 1628863920786, 1628013600000);
INSERT INTO `parking_space`
VALUES (261, 'F9', '负一层', '负一层F区车位F9', 1, 6, '负一层F区车位F9', 1628863920787, NULL);
INSERT INTO `parking_space`
VALUES (262, 'F10', '负一层', '负一层F区车位F10', 3, 6, '负一层F区车位F10', 1628863920788, 1628042400000);
INSERT INTO `parking_space`
VALUES (263, 'F11', '负一层', '负一层F区车位F11', 1, 6, '负一层F区车位F11', 1628863920789, 1628535600000);
INSERT INTO `parking_space`
VALUES (264, 'F12', '负一层', '负一层F区车位F12', 1, 6, '负一层F区车位F12', 1628863920791, 1627678800000);
INSERT INTO `parking_space`
VALUES (265, 'F13', '负一层', '负一层F区车位F13', 1, 6, '负一层F区车位F13', 1628863920792, 1628503200000);
INSERT INTO `parking_space`
VALUES (266, 'F14', '负一层', '负一层F区车位F14', 1, 6, '负一层F区车位F14', 1628863920793, 1628294400000);
INSERT INTO `parking_space`
VALUES (267, 'F15', '负一层', '负一层F区车位F15', 1, 6, '负一层F区车位F15', 1628863920794, NULL);
INSERT INTO `parking_space`
VALUES (268, 'F16', '负一层', '负一层F区车位F16', 3, 6, '负一层F区车位F16', 1628863920795, 1628395200000);
INSERT INTO `parking_space`
VALUES (269, 'F17', '负一层', '负一层F区车位F17', 1, 6, '负一层F区车位F17', 1628863920795, NULL);
INSERT INTO `parking_space`
VALUES (270, 'F18', '负一层', '负一层F区车位F18', 1, 6, '负一层F区车位F18', 1628863920796, NULL);
INSERT INTO `parking_space`
VALUES (271, 'F19', '负一层', '负一层F区车位F19', 1, 6, '负一层F区车位F19', 1628863920797, NULL);
INSERT INTO `parking_space`
VALUES (272, 'F20', '负一层', '负一层F区车位F20', 1, 6, '负一层F区车位F20', 1628863920798, NULL);
INSERT INTO `parking_space`
VALUES (273, 'F21', '负一层', '负一层F区车位F21', 1, 6, '负一层F区车位F21', 1628863920799, NULL);
INSERT INTO `parking_space`
VALUES (274, 'F22', '负一层', '负一层F区车位F22', 1, 6, '负一层F区车位F22', 1628863920800, NULL);
INSERT INTO `parking_space`
VALUES (275, 'F23', '负一层', '负一层F区车位F23', 1, 6, '负一层F区车位F23', 1628863920801, 1628611200000);
INSERT INTO `parking_space`
VALUES (276, 'F24', '负一层', '负一层F区车位F24', 1, 6, '负一层F区车位F24', 1628863920802, 1628488800000);
INSERT INTO `parking_space`
VALUES (277, 'F25', '负一层', '负一层F区车位F25', 1, 6, '负一层F区车位F25', 1628863920803, NULL);
INSERT INTO `parking_space`
VALUES (278, 'F26', '负一层', '负一层F区车位F26', 1, 6, '负一层F区车位F26', 1628863920803, 1628503200000);
INSERT INTO `parking_space`
VALUES (279, 'F27', '负一层', '负一层F区车位F27', 1, 6, '负一层F区车位F27', 1628863920804, 1628766000000);
INSERT INTO `parking_space`
VALUES (280, 'F28', '负一层', '负一层F区车位F28', 1, 6, '负一层F区车位F28', 1628863920805, 1628755200000);
INSERT INTO `parking_space`
VALUES (281, 'F29', '负一层', '负一层F区车位F29', 1, 6, '负一层F区车位F29', 1628863920806, 1628294400000);
INSERT INTO `parking_space`
VALUES (282, 'F30', '负一层', '负一层F区车位F30', 3, 6, '负一层F区车位F30', 1628863920807, 1627718400000);
INSERT INTO `parking_space`
VALUES (283, 'F31', '负一层', '负一层F区车位F31', 1, 6, '负一层F区车位F31', 1628863920807, NULL);
INSERT INTO `parking_space`
VALUES (284, 'F32', '负一层', '负一层F区车位F32', 1, 6, '负一层F区车位F32', 1628863920808, NULL);
INSERT INTO `parking_space`
VALUES (285, 'F33', '负一层', '负一层F区车位F33', 1, 6, '负一层F区车位F33', 1628863920808, 1628787600000);
INSERT INTO `parking_space`
VALUES (286, 'F34', '负一层', '负一层F区车位F34', 3, 6, '负一层F区车位F34', 1628863920809, 1627668000000);
INSERT INTO `parking_space`
VALUES (287, 'F35', '负一层', '负一层F区车位F35', 1, 6, '负一层F区车位F35', 1628863920809, NULL);
INSERT INTO `parking_space`
VALUES (288, 'F36', '负一层', '负一层F区车位F36', 1, 6, '负一层F区车位F36', 1628863920810, NULL);
INSERT INTO `parking_space`
VALUES (289, 'F37', '负一层', '负一层F区车位F37', 1, 6, '负一层F区车位F37', 1628863920810, NULL);
INSERT INTO `parking_space`
VALUES (290, 'F38', '负一层', '负一层F区车位F38', 1, 6, '负一层F区车位F38', 1628863920811, 1628571600000);
INSERT INTO `parking_space`
VALUES (291, 'F39', '负一层', '负一层F区车位F39', 1, 6, '负一层F区车位F39', 1628863920812, 1626836400000);
INSERT INTO `parking_space`
VALUES (292, 'F40', '负一层', '负一层F区车位F40', 1, 6, '负一层F区车位F40', 1628863920812, 1628704800000);
INSERT INTO `parking_space`
VALUES (293, 'F41', '负一层', '负一层F区车位F41', 1, 6, '负一层F区车位F41', 1628863920813, 1628802000000);
INSERT INTO `parking_space`
VALUES (294, 'F42', '负一层', '负一层F区车位F42', 1, 6, '负一层F区车位F42', 1628863920813, 1627236000000);
INSERT INTO `parking_space`
VALUES (295, 'F43', '负一层', '负一层F区车位F43', 1, 6, '负一层F区车位F43', 1628863920814, 1628690400000);
INSERT INTO `parking_space`
VALUES (296, 'F44', '负一层', '负一层F区车位F44', 3, 6, '负一层F区车位F44', 1628863920815, 1628838000000);
INSERT INTO `parking_space`
VALUES (297, 'F45', '负一层', '负一层F区车位F45', 1, 6, '负一层F区车位F45', 1628863920815, 1628604000000);
INSERT INTO `parking_space`
VALUES (298, 'F46', '负一层', '负一层F区车位F46', 1, 6, '负一层F区车位F46', 1628863920816, 1628726400000);
INSERT INTO `parking_space`
VALUES (299, 'F47', '负一层', '负一层F区车位F47', 1, 6, '负一层F区车位F47', 1628863920816, 1628535600000);
INSERT INTO `parking_space`
VALUES (300, 'F48', '负一层', '负一层F区车位F48', 1, 6, '负一层F区车位F48', 1628863920817, 1628708400000);
INSERT INTO `parking_space`
VALUES (301, 'F49', '负一层', '负一层F区车位F49', 1, 6, '负一层F区车位F49', 1628863920818, 1628352000000);
INSERT INTO `parking_space`
VALUES (302, 'F50', '负一层', '负一层F区车位F50', 1, 6, '负一层F区车位F50', 1628863920818, 1628438400000);
COMMIT;

-- ----------------------------
-- Table structure for reserve_record
-- ----------------------------
DROP TABLE IF EXISTS `reserve_record`;
CREATE TABLE `reserve_record`
(
    `id`               bigint NOT NULL AUTO_INCREMENT COMMENT '主键',
    `car_id`           bigint NOT NULL COMMENT '车辆',
    `parking_space_id` bigint NOT NULL COMMENT '车位',
    `start_park_time`  bigint NOT NULL COMMENT '预约开始时间',
    `end_park_time`    bigint NOT NULL COMMENT '预约截止时间',
    `description`      varchar(128)    DEFAULT NULL COMMENT '备注',
    `create_time`      bigint NOT NULL DEFAULT '0' COMMENT '创建时间',
    `update_time`      bigint          DEFAULT NULL COMMENT '更新时间',
    PRIMARY KEY (`id`)
) ENGINE = InnoDB
  AUTO_INCREMENT = 10
  DEFAULT CHARSET = utf8mb3 COMMENT ='预约';

-- ----------------------------
-- Records of reserve_record
-- ----------------------------
BEGIN;
INSERT INTO `reserve_record`
VALUES (8, 18, 3, 1629000000000, 1629014400000, '预约停车，到车库后优先安排入库', 1628903636028, NULL);
INSERT INTO `reserve_record`
VALUES (9, 23, 7, 1628913600000, 1629000000000, '提前预约车位', 1628903671047, NULL);
COMMIT;

-- ----------------------------
-- Table structure for role
-- ----------------------------
DROP TABLE IF EXISTS `role`;
CREATE TABLE `role`
(
    `id`          bigint NOT NULL AUTO_INCREMENT COMMENT '主键',
    `name`        varchar(256)    DEFAULT NULL COMMENT '角色名称',
    `description` varchar(1024)   DEFAULT NULL COMMENT '备注',
    `authorities` varchar(2048)   DEFAULT NULL COMMENT '权限列表',
    `create_time` bigint NOT NULL DEFAULT '0' COMMENT '创建时间',
    `update_time` bigint          DEFAULT '0' COMMENT '更新时间',
    PRIMARY KEY (`id`)
) ENGINE = InnoDB
  AUTO_INCREMENT = 3
  DEFAULT CHARSET = utf8mb3 COMMENT ='用户角色表';

-- ----------------------------
-- Records of role
-- ----------------------------
BEGIN;
INSERT INTO `role`
VALUES (1, '超级管理员', '超级管理员权限',
        'DASHBOARD,CAR,CAR_QUERY,CAR_CREATE,CAR_UPDATE,CAR_DELETE,CAR_EXPORT,CAR_BLACK,CAR_BLACK_QUERY,CAR_BLACK_CREATE,CAR_BLACK_UPDATE,CAR_BLACK_DELETE,CAR_BLACK_EXPORT,PARK_RECORD,PARK_RECORD_QUERY,PARK_RECORD_CREATE,PARK_RECORD_UPDATE,PARK_RECORD_DELETE,PARK_RECORD_EXPORT,PARK_RECORD_LEAVE,PARKING_SPACE,PARKING_SPACE_QUERY,PARKING_SPACE_CREATE,PARKING_SPACE_UPDATE,PARKING_SPACE_DELETE,PARKING_SPACE_EXPORT,RESERVE_RECORD,RESERVE_RECORD_QUERY,RESERVE_RECORD_CREATE,RESERVE_RECORD_UPDATE,RESERVE_RECORD_DELETE,RESERVE_RECORD_EXPORT,ROLE,ROLE_QUERY,ROLE_CREATE,ROLE_UPDATE,ROLE_DELETE,ACCOUNT,ACCOUNT_QUERY,ACCOUNT_CREATE,ACCOUNT_UPDATE,ACCOUNT_DELETE,ACCOUNT_PERSONAL,ACCOUNT_CHANGE_PASSWORD,SYS_LOG,SYS_LOG_QUERY',
        1607000759881, 1628862630404);
INSERT INTO `role`
VALUES (2, '普通用户', '普通用户权限',
        'DASHBOARD,CAR_QUERY,CAR_BLACK_QUERY,PARK_RECORD_QUERY,PARKING_SPACE_QUERY,RESERVE_RECORD_QUERY,RESERVE_RECORD_CREATE,ROLE_QUERY,ACCOUNT_QUERY,ACCOUNT_PERSONAL,ACCOUNT_CHANGE_PASSWORD,CAR,CAR_BLACK,PARK_RECORD,PARKING_SPACE,RESERVE_RECORD,ROLE,ACCOUNT',
        1607001697204, 1628903740738);
COMMIT;

-- ----------------------------
-- Table structure for sys_log
-- ----------------------------
DROP TABLE IF EXISTS `sys_log`;
CREATE TABLE `sys_log`
(
    `id`          bigint NOT NULL AUTO_INCREMENT COMMENT '主键',
    `passport`    varchar(128)  DEFAULT NULL COMMENT '账号',
    `url`         varchar(255)  DEFAULT NULL COMMENT '请求URL',
    `method`      varchar(255)  DEFAULT NULL COMMENT '请求方法',
    `params`      varchar(2048) DEFAULT NULL COMMENT '请求参数',
    `ip`          varchar(255)  DEFAULT NULL COMMENT '请求ip',
    `cost`        bigint        DEFAULT NULL COMMENT '请求耗时(单位毫秒)',
    `create_time` bigint NOT NULL COMMENT '创建时间',
    PRIMARY KEY (`id`)
) ENGINE = InnoDB
  AUTO_INCREMENT = 1
  DEFAULT CHARSET = utf8mb3 COMMENT ='系统日志';

